{
  "best_trial": 9,
  "best_value": 97.82608695652173,
  "best_params": {
    "learning_rate": 0.00015470504932079155,
    "weight_decay": 2.3445522828185446e-05,
    "dropout_rate": 0.33305399051319445,
    "beta1": 0.8794601199394144,
    "beta2": 0.999720526842581,
    "lr_scheduler_gamma": 0.6998958011942744,
    "lr_scheduler_step": 8,
    "warmup_epochs": 0,
    "label_smoothing": 0.07643351662911134
  },
  "optimization_time_minutes": 328.03995302915575,
  "n_trials": 30,
  "epochs_per_trial": 15,
  "all_trials": [
    {
      "number": 0,
      "value": 77.3913043478261,
      "params": {
        "learning_rate": 1.329291894316217e-05,
        "weight_decay": 0.006351221010640704,
        "dropout_rate": 0.5391963650868431,
        "beta1": 0.9338121877875851,
        "beta2": 0.9155862621801995,
        "lr_scheduler_gamma": 0.22479561626896213,
        "lr_scheduler_step": 3,
        "warmup_epochs": 5,
        "label_smoothing": 0.12022300234864176
      },
      "state": "TrialState.COMPLETE"
    },
    {
      "number": 1,
      "value": 79.56521739130434,
      "params": {
        "learning_rate": 0.000133112160807369,
        "weight_decay": 1.2087541473056965e-06,
        "dropout_rate": 0.6819459112971965,
        "beta1": 0.9665419697120591,
        "beta2": 0.9212126771567598,
        "lr_scheduler_gamma": 0.24545997376568052,
        "lr_scheduler_step": 4,
        "warmup_epochs": 1,
        "label_smoothing": 0.10495128632644757
      },
      "state": "TrialState.COMPLETE"
    },
    {
      "number": 2,
      "value": 87.3913043478261,
      "params": {
        "learning_rate": 1.9762189340280066e-05,
        "weight_decay": 1.461896279370496e-05,
        "dropout_rate": 0.46711173683342766,
        "beta1": 0.8695291404912858,
        "beta2": 0.9291852503886683,
        "lr_scheduler_gamma": 0.39308947463495336,
        "lr_scheduler_step": 6,
        "warmup_epochs": 4,
        "label_smoothing": 0.03993475643167195
      },
      "state": "TrialState.COMPLETE"
    },
    {
      "number": 3,
      "value": 95.65217391304348,
      "params": {
        "learning_rate": 3.489018845491386e-05,
        "weight_decay": 0.00023423849847112912,
        "dropout_rate": 0.12787024763199864,
        "beta1": 0.9350562792662014,
        "beta2": 0.9170353599563604,
        "lr_scheduler_gamma": 0.15204127438822362,
        "lr_scheduler_step": 10,
        "warmup_epochs": 5,
        "label_smoothing": 0.16167946962329224
      },
      "state": "TrialState.COMPLETE"
    },
    {
      "number": 4,
      "value": 76.08695652173913,
      "params": {
        "learning_rate": 8.200518402245835e-06,
        "weight_decay": 2.4586032763280077e-06,
        "dropout_rate": 0.5105398159072941,
        "beta1": 0.9116213491235442,
        "beta2": 0.9121916196609934,
        "lr_scheduler_gamma": 0.4961415280890161,
        "lr_scheduler_step": 3,
        "warmup_epochs": 5,
        "label_smoothing": 0.05175599632000338
      },
      "state": "TrialState.COMPLETE"
    },
    {
      "number": 5,
      "value": 63.47826086956522,
      "params": {
        "learning_rate": 0.00068455702672729,
        "weight_decay": 0.0006302314035822053,
        "dropout_rate": 0.10452839158977606,
        "beta1": 0.9805206478676503,
        "beta2": 0.9822941020603736,
        "lr_scheduler_gamma": 0.8261318362260142,
        "lr_scheduler_step": 10,
        "warmup_epochs": 2,
        "label_smoothing": 0.19320495536955246
      },
      "state": "TrialState.PRUNED"
    },
    {
      "number": 6,
      "value": 54.34782608695652,
      "params": {
        "learning_rate": 1.0887633888418055e-06,
        "weight_decay": 0.00023009053736749172,
        "dropout_rate": 0.10521162159800153,
        "beta1": 0.9147282420990304,
        "beta2": 0.9535088639771455,
        "lr_scheduler_gamma": 0.12473870309117924,
        "lr_scheduler_step": 10,
        "warmup_epochs": 3,
        "label_smoothing": 0.1864599783134207
      },
      "state": "TrialState.PRUNED"
    },
    {
      "number": 7,
      "value": 96.95652173913044,
      "params": {
        "learning_rate": 0.00010713887416502006,
        "weight_decay": 3.606800229331281e-05,
        "dropout_rate": 0.26771203220366147,
        "beta1": 0.853691531816813,
        "beta2": 0.9468236513668955,
        "lr_scheduler_gamma": 0.7315816530555719,
        "lr_scheduler_step": 8,
        "warmup_epochs": 0,
        "label_smoothing": 0.145616461325279
      },
      "state": "TrialState.COMPLETE"
    },
    {
      "number": 8,
      "value": 44.78260869565217,
      "params": {
        "learning_rate": 0.0009728583151931042,
        "weight_decay": 2.0185751612127887e-05,
        "dropout_rate": 0.29552308504709934,
        "beta1": 0.8508755149378163,
        "beta2": 0.9587335885212472,
        "lr_scheduler_gamma": 0.7844674278317862,
        "lr_scheduler_step": 7,
        "warmup_epochs": 0,
        "label_smoothing": 0.13710092162578685
      },
      "state": "TrialState.PRUNED"
    },
    {
      "number": 9,
      "value": 97.82608695652173,
      "params": {
        "learning_rate": 0.00015470504932079155,
        "weight_decay": 2.3445522828185446e-05,
        "dropout_rate": 0.33305399051319445,
        "beta1": 0.8794601199394144,
        "beta2": 0.999720526842581,
        "lr_scheduler_gamma": 0.6998958011942744,
        "lr_scheduler_step": 8,
        "warmup_epochs": 0,
        "label_smoothing": 0.07643351662911134
      },
      "state": "TrialState.COMPLETE"
    },
    {
      "number": 10,
      "value": 97.82608695652173,
      "params": {
        "learning_rate": 0.0001882222024956324,
        "weight_decay": 0.002395179971548449,
        "dropout_rate": 0.34363898614630617,
        "beta1": 0.8875202925062013,
        "beta2": 0.9913509869298186,
        "lr_scheduler_gamma": 0.6491998374746325,
        "lr_scheduler_step": 8,
        "warmup_epochs": 2,
        "label_smoothing": 0.07091463212693003
      },
      "state": "TrialState.COMPLETE"
    },
    {
      "number": 11,
      "value": 95.65217391304348,
      "params": {
        "learning_rate": 0.00021325932629186138,
        "weight_decay": 0.002083413622303405,
        "dropout_rate": 0.3338171894917131,
        "beta1": 0.8845461161707082,
        "beta2": 0.9975740256713301,
        "lr_scheduler_gamma": 0.650018392792352,
        "lr_scheduler_step": 8,
        "warmup_epochs": 2,
        "label_smoothing": 0.07212782679798498
      },
      "state": "TrialState.COMPLETE"
    },
    {
      "number": 12,
      "value": 63.47826086956522,
      "params": {
        "learning_rate": 0.00027778257134665306,
        "weight_decay": 7.276094354439658e-06,
        "dropout_rate": 0.39487187673606344,
        "beta1": 0.8891012285693638,
        "beta2": 0.9966079111435364,
        "lr_scheduler_gamma": 0.6142779444724442,
        "lr_scheduler_step": 8,
        "warmup_epochs": 1,
        "label_smoothing": 0.01387412641256952
      },
      "state": "TrialState.PRUNED"
    },
    {
      "number": 13,
      "value": 85.65217391304348,
      "params": {
        "learning_rate": 5.1197150259520766e-05,
        "weight_decay": 0.00010460087275490886,
        "dropout_rate": 0.2226141780172373,
        "beta1": 0.8873712445438159,
        "beta2": 0.9762385502674498,
        "lr_scheduler_gamma": 0.5641446168344432,
        "lr_scheduler_step": 6,
        "warmup_epochs": 1,
        "label_smoothing": 0.07985892966376126
      },
      "state": "TrialState.PRUNED"
    },
    {
      "number": 14,
      "value": 66.52173913043478,
      "params": {
        "learning_rate": 0.00037122867715327397,
        "weight_decay": 0.008587887105299317,
        "dropout_rate": 0.3942817235221213,
        "beta1": 0.8960285985842287,
        "beta2": 0.9806402525442144,
        "lr_scheduler_gamma": 0.8969448014295457,
        "lr_scheduler_step": 9,
        "warmup_epochs": 3,
        "label_smoothing": 0.08187942389289603
      },