{
  "model_name": "swin_t_bayesian",
  "best_params": {
    "learning_rate": 0.00015470504932079155,
    "weight_decay": 2.3445522828185446e-05,
    "dropout_rate": 0.33305399051319445,
    "beta1": 0.8794601199394144,
    "beta2": 0.999720526842581,
    "lr_scheduler_gamma": 0.6998958011942744,
    "lr_scheduler_step": 8,
    "warmup_epochs": 0,
    "label_smoothing": 0.07643351662911134
  },
  "train_loss": [
    1.0651523663717157,
    0.9347799770972308,
    0.8552480217288522,
    0.7329961359500885,
    0.7135705053806305,
    0.6241819437812356,
    0.5617733808124766,
    0.5682344708372565,
    0.5064122895984089,
    0.4454624547677882,
    0.4566603662336574,
    0.4303439268294503,
    0.40700262697303996,
    0.40002847769681144,
    0.40301837465342355,
    0.3872156888246536,
    0.39524808613693013,
    0.40719451010227203,
    0.3667365154799293,
    0.3600666584337459,
    0.37035604259547067,
    0.36747536501463723,
    0.36015112698078156,
    0.3595096477690865,
    0.35487907336038704,
    0.3448832298026365,
    0.3389549378086539,
    0.3483019383514629,
    0.3419259453521055,
    0.3405621332280776,
    0.3468147577608333,
    0.33978167965131645,
    0.3403434104779187,
    0.335452064871788,
    0.3382017805295832,
    0.3386197624837651,
    0.3389556951382581,
    0.3335576101261027,
    0.33484386784188885,
    0.33317680043332715,
    0.3336634206421235,
    0.3335606937899309,
    0.33165565659018126,
    0.3296614788910922,
    0.33438872765092287,
    0.33470120938385234,
    0.33037052172071796,
    0.32813281083808227,
    0.33111456737798806,
    0.3312273630324532
  ],
  "train_acc": [
    58.19366852886406,
    66.85288640595903,
    71.69459962756052,
    78.02607076350093,
    79.70204841713222,
    85.00931098696462,
    88.64059590316573,
    86.77839851024208,
    91.34078212290503,
    94.97206703910615,
    94.78584729981378,
    95.62383612662943,
    96.8342644320298,
    96.92737430167598,
    96.46182495344506,
    97.39292364990689,
    97.02048417132217,
    96.55493482309124,
    98.32402234636872,
    98.60335195530726,
    97.8584729981378,
    98.04469273743017,
    98.23091247672254,
    98.41713221601489,
    98.60335195530726,
    99.06890130353817,
    99.62756052141528,
    99.06890130353817,
    99.16201117318435,
    99.16201117318435,
    99.34823091247672,
    99.44134078212291,
    99.16201117318435,
    99.62756052141528,
    99.34823091247672,
    99.44134078212291,
    99.16201117318435,
    99.72067039106145,
    99.53445065176909,
    99.62756052141528,
    99.72067039106145,
    99.53445065176909,
    99.62756052141528,
    99.72067039106145,
    99.34823091247672,
    99.34823091247672,
    99.62756052141528,
    99.90689013035382,
    99.53445065176909,
    99.72067039106145
  ],
  "val_loss": [
    1.0175287500023842,
    0.8642126396298409,
    0.72853934019804,
    0.9171026572585106,
    0.8075053542852402,
    0.6195109486579895,
    0.5713789351284504,
    0.608926136046648,
    0.4595743715763092,
    0.41534585505723953,
    0.42427153140306473,
    0.42147716134786606,
    0.4146844856441021,
    0.42057863995432854,
    0.4137047082185745,
    0.3722386732697487,
    0.47214527055621147,
    0.3903294913470745,
    0.3801940940320492,
    0.38828135654330254,
    0.38704099506139755,
    0.3830556236207485,
    0.3793025128543377,
    0.40272359177470207,
    0.36967266350984573,
    0.3815666437149048,
    0.370364174246788,
    0.3619202598929405,
    0.36685778945684433,
    0.36364953219890594,
    0.37527019158005714,
    0.3612051010131836,
    0.36628738045692444,
    0.3642578274011612,
    0.362897090613842,
    0.3651486933231354,
    0.36138851568102837,
    0.36630022525787354,
    0.3652613237500191,
    0.3655014671385288,
    0.3650931864976883,
    0.3605315536260605,
    0.36052699014544487,
    0.3596511632204056,
    0.3631349243223667,
    0.3590221554040909,
    0.35999035835266113,
    0.3560909777879715,
    0.37888308614492416,
    0.3656066097319126
  ],
  "val_acc": [
    66.08695652173913,
    70.8695652173913,
    81.30434782608695,
    75.65217391304348,
    76.08695652173913,
    83.91304347826087,
    88.26086956521739,
    84.78260869565217,
    93.04347826086956,
    96.08695652173913,
    95.21739130434783,
    95.65217391304348,
    94.78260869565217,
    95.65217391304348,
    95.65217391304348,
    97.3913043478261,
    94.78260869565217,
    97.82608695652173,
    96.95652173913044,
    96.95652173913044,
    96.95652173913044,
    96.95652173913044,
    97.3913043478261,
    96.52173913043478,
    97.3913043478261,
    97.3913043478261,
    97.3913043478261,
    98.26086956521739,
    97.82608695652173,
    97.82608695652173,
    97.3913043478261,
    97.82608695652173,
    97.82608695652173,
    97.3913043478261,
    97.3913043478261,
    97.82608695652173,
    97.82608695652173,
    97.82608695652173,
    97.3913043478261,
    97.82608695652173,
    97.82608695652173,
    98.26086956521739,
    97.82608695652173,
    97.82608695652173,
    97.3913043478261,
    97.3913043478261,
    98.26086956521739,
    98.26086956521739,
    97.3913043478261,
    97.82608695652173
  ],
  "best_val_acc": 98.26086956521739,
  "total_time": 3189.6183280944824,
  "test_metrics": {
    "test_accuracy": 97.83549783549783,
    "test_loss": 0.37780656293034554,
    "precision": 97.85891043236225,
    "recall": 97.83549783549783,
    "f1_score": 97.825147774181,
    "confusion_matrix": [
      [
        48,
        0,
        1,
        0,
        2
      ],
      [
        0,
        17,
        0,
        1,
        0
      ],
      [
        0,
        0,
        28,
        0,
        0
      ],
      [
        0,
        0,
        0,
        95,
        0
      ],
      [
        1,
        0,
        0,
        0,
        38
      ]
    ]
  }
}