{
  "resnet50": {
    "display_name": "ResNet-50",
    "test_acc": 96.96969696969697,
    "test_loss": 0.08492607975495048,
    "precision": 0.969909209297754,
    "recall": 0.9696969696969697,
    "f1_score": 0.9695460909708913,
    "confusion_matrix": [
      [
        49,
        0,
        1,
        0,
        1
      ],
      [
        0,
        16,
        0,
        2,
        0
      ],
      [
        0,
        0,
        28,
        0,
        0
      ],
      [
        0,
        1,
        0,
        94,
        0
      ],
      [
        1,
        0,
        1,
        0,
        37
      ]
    ],
    "y_true": [
      0,
      4,
      0,
      3,
      4,
      3,
      3,
      2,
      3,
      4,
      3,
      3,
      4,
      3,
      3,
      4,
      2,
      3,
      3,
      2,
      0,
      1,
      0,
      3,
      3,
      0,
      0,
      3,
      0,
      3,
      3,
      3,
      4,
      3,
      4,
      4,
      0,
      3,
      1,
      2,
      3,
      0,
      3,
      3,
      3,
      0,
      1,
      3,
      3,
      0,
      0,
      1,
      3,
      0,
      1,
      0,
      4,
      3,
      4,
      0,
      3,
      3,
      4,
      3,
      4,
      3,
      0,
      3,
      2,
      0,
      4,
      3,
      3,
      4,
      2,
      3,
      0,
      0,
      3,
      4,
      3,
      2,
      3,
      2,
      3,
      0,
      2,
      0,
      4,
      4,
      0,
      0,
      4,
      1,
      3,
      3,
      2,
      4,
      3,
      2,
      1,
      0,
      4,
      4,
      3,
      3,
      0,
      0,
      3,
      3,
      2,
      3,
      3,
      3,
      4,
      4,
      3,
      0,
      3,
      2,
      3,
      3,
      3,
      3,
      1,
      2,
      2,
      3,
      0,
      2,
      0,
      2,
      3,
      3,
      3,
      3,
      1,
      2,
      2,
      4,
      4,
      3,
      4,
      0,
      3,
      2,
      1,
      3,
      3,
      4,
      3,
      3,
      1,
      3,
      1,
      0,
      0,
      3,
      3,
      4,
      3,
      0,
      2,
      3,
      2,
      0,
      0,
      3,
      0,
      0,
      0,
      3,
      2,
      4,
      4,
      2,
      3,
      1,
      0,
      0,
      3,
      3,
      2,
      0,
      1,
      3,
      3,
      3,
      3,
      3,
      4,
      4,
      0,
      1,
      2,
      1,
      0,
      2,
      0,
      3,
      3,
      1,
      3,
      0,
      3,
      0,
      3,
      0,
      1,
      0,
      4,
      3,
      0,
      4,
      3,
      2,
      3,
      0,
      0,
      3,
      3,
      4,
      4,
      4,
      3,
      4,
      3,
      3,
      3,
      3,
      4
    ],
    "y_pred": [
      0,
      4,
      0,
      3,
      4,
      3,
      3,
      2,
      3,
      4,
      3,
      3,
      4,
      3,
      3,
      4,
      2,
      3,
      3,
      2,
      0,
      1,
      0,
      3,
      3,
      0,
      0,
      3,
      0,
      3,
      3,
      3,
      4,
      3,
      4,
      4,
      0,
      3,
      1,
      2,
      3,
      0,
      3,
      3,
      3,
      0,
      1,
      3,
      3,
      0,
      0,
      3,
      3,
      0,
      1,
      0,
      4,
      3,
      4,
      0,
      3,
      3,
      4,
      3,
      4,
      3,
      0,
      3,
      2,
      0,
      4,
      3,
      3,
      4,
      2,
      3,
      0,
      0,
      1,
      4,
      3,
      2,
      3,
      2,
      3,
      0,
      2,
      0,
      4,
      4,
      2,
      0,
      4,
      3,
      3,
      3,
      2,
      4,
      3,
      2,
      1,
      0,
      4,
      4,
      3,
      3,
      0,
      0,
      3,
      3,
      2,
      3,
      3,
      3,
      4,
      4,
      3,
      0,
      3,
      2,
      3,
      3,
      3,
      3,
      1,
      2,
      2,
      3,
      4,
      2,
      0,
      2,
      3,
      3,
      3,
      3,
      1,
      2,
      2,
      0,
      4,
      3,
      4,
      0,
      3,
      2,
      1,
      3,
      3,
      4,
      3,
      3,
      1,
      3,
      1,
      0,
      0,
      3,
      3,
      4,
      3,
      0,
      2,
      3,
      2,
      0,
      0,
      3,
      0,
      0,
      0,
      3,
      2,
      4,
      4,
      2,
      3,
      1,
      0,
      0,
      3,
      3,
      2,
      0,
      1,
      3,
      3,
      3,
      3,
      3,
      2,
      4,
      0,
      1,
      2,
      1,
      0,
      2,
      0,
      3,
      3,
      1,
      3,
      0,
      3,
      0,
      3,
      0,
      1,
      0,
      4,
      3,
      0,
      4,
      3,
      2,
      3,
      0,
      0,
      3,
      3,
      4,
      4,
      4,
      3,
      4,
      3,
      3,
      3,
      3,
      4
    ]
  },
  "mobilenetv2": {
    "display_name": "MobileNetV2",
    "test_acc": 97.83549783549783,
    "test_loss": 0.11369385989382863,
    "precision": 0.9786707545328236,
    "recall": 0.9783549783549783,
    "f1_score": 0.9783420746629738,
    "confusion_matrix": [
      [
        50,
        0,
        1,
        0,
        0
      ],
      [
        0,
        17,
        0,
        1,
        0
      ],
      [
        0,
        0,
        28,
        0,
        0
      ],
      [
        0,
        1,
        0,
        94,
        0
      ],
      [
        2,
        0,
        0,
        0,
        37
      ]
    ],
    "y_true": [
      0,
      4,
      0,
      3,
      4,
      3,
      3,
      2,
      3,
      4,
      3,
      3,
      4,
      3,
      3,
      4,
      2,
      3,
      3,
      2,
      0,
      1,
      0,
      3,
      3,
      0,
      0,
      3,
      0,
      3,
      3,
      3,
      4,
      3,
      4,
      4,
      0,
      3,
      1,
      2,
      3,
      0,
      3,
      3,
      3,
      0,
      1,
      3,
      3,
      0,
      0,
      1,
      3,
      0,
      1,
      0,
      4,
      3,
      4,
      0,
      3,
      3,
      4,
      3,
      4,
      3,
      0,
      3,
      2,
      0,
      4,
      3,
      3,
      4,
      2,
      3,
      0,
      0,
      3,
      4,
      3,
      2,
      3,
      2,
      3,
      0,
      2,
      0,
      4,
      4,
      0,
      0,
      4,
      1,
      3,
      3,
      2,
      4,
      3,
      2,
      1,
      0,
      4,
      4,
      3,
      3,
      0,
      0,
      3,
      3,
      2,
      3,
      3,
      3,
      4,
      4,
      3,
      0,
      3,
      2,
      3,
      3,
      3,
      3,
      1,
      2,
      2,
      3,
      0,
      2,
      0,
      2,
      3,
      3,
      3,
      3,
      1,
      2,
      2,
      4,
      4,
      3,
      4,
      0,
      3,
      2,
      1,
      3,
      3,
      4,
      3,
      3,
      1,
      3,
      1,
      0,
      0,
      3,
      3,
      4,
      3,
      0,
      2,
      3,
      2,
      0,
      0,
      3,
      0,
      0,
      0,
      3,
      2,
      4,
      4,
      2,
      3,
      1,
      0,
      0,
      3,
      3,
      2,
      0,
      1,
      3,
      3,
      3,
      3,
      3,
      4,
      4,
      0,
      1,
      2,
      1,
      0,
      2,
      0,
      3,
      3,
      1,
      3,
      0,
      3,
      0,
      3,
      0,
      1,
      0,
      4,
      3,
      0,
      4,
      3,
      2,
      3,
      0,
      0,
      3,
      3,
      4,
      4,
      4,
      3,
      4,
      3,
      3,
      3,
      3,
      4
    ],