{
  "model_name": "densenet121",
  "display_name": "DenseNet-121 (Baseline)",
  "pretrained": false,
  "best_epoch": 29,
  "best_val_acc": 86.52173913043478,
  "training_time_seconds": 1463.5288054943085,
  "test_results": {
    "accuracy": 0.8441558441558441,
    "precision": 0.8570178268936034,
    "recall": 0.8441558441558441,
    "f1_score": 0.8263102936804236,
    "confusion_matrix": [
      [
        4,
        14,
        0,
        0,
        0
      ],
      [
        0,
        95,
        0,
        0,
        0
      ],
      [
        0,
        4,
        39,
        6,
        2
      ],
      [
        0,
        0,
        0,
        26,
        2
      ],
      [
        0,
        2,
        6,
        0,
        31
      ]
    ],
    "classification_report": {
      "adenocarcinoma": {
        "precision": 1.0,
        "recall": 0.2222222222222222,
        "f1-score": 0.3636363636363636,
        "support": 18.0
      },
      "Benign cases": {
        "precision": 0.8260869565217391,
        "recall": 1.0,
        "f1-score": 0.9047619047619047,
        "support": 95.0
      },
      "large cell carcinoma": {
        "precision": 0.8666666666666667,
        "recall": 0.7647058823529411,
        "f1-score": 0.8125,
        "support": 51.0
      },
      "Normal cases": {
        "precision": 0.8125,
        "recall": 0.9285714285714286,
        "f1-score": 0.8666666666666666,
        "support": 28.0
      },
      "squamous cell carcinoma": {
        "precision": 0.8857142857142857,
        "recall": 0.7948717948717948,
        "f1-score": 0.8378378378378378,
        "support": 39.0
      },
      "accuracy": 0.8441558441558441,
      "macro avg": {
        "precision": 0.8781935817805383,
        "recall": 0.7420742656036774,
        "f1-score": 0.7570805545805546,
        "support": 231.0
      },
      "weighted avg": {
        "precision": 0.8570178268936034,
        "recall": 0.8441558441558441,
        "f1-score": 0.8263102936804236,
        "support": 231.0
      }
    }
  },
  "training_history": {
    "train_loss": [
      0.9766629460979911,
      0.8594395290402805,
      0.8400352246621076,
      0.8073717723874485,
      0.7580359437886406,
      0.8053814926568199,
      0.7602575789479649,
      0.7345817194265478,
      0.709200745119768,
      0.6788800744449391,
      0.7072819217162973,
      0.6730095910675385,
      0.6577557526967105,
      0.6723314558758455,
      0.6372620217940387,
      0.5875151963794932,
      0.6138110090704525,
      0.5695217611158595,
      0.5956001763834673,
      0.5596625752308789,
      0.5240884975475424,
      0.5733510036678875,
      0.5110242625369745,
      0.42785409180557027,
      0.4836658774053349,
      0.4537302650072995,
      0.4451652546139324,
      0.4427274645251386,
      0.3970077467315337,
      0.375975354191135
    ],
    "train_acc": [
      58.56610800744879,
      60.52141527001862,
      64.71135940409684,
      61.638733705772815,
      67.13221601489758,
      63.50093109869646,
      66.29422718808193,
      66.57355679702049,
      68.52886405959032,
      68.80819366852886,
      69.1806331471136,
      71.22905027932961,
      70.39106145251397,
      70.67039106145252,
      72.3463687150838,
      74.11545623836126,
      73.9292364990689,
      76.35009310986965,
      74.67411545623835,
      75.60521415270019,
      77.93296089385476,
      76.6294227188082,
      78.77094972067039,
      82.21601489757914,
      81.19180633147114,
      81.3780260707635,
      82.77467411545624,
      83.9851024208566,
      84.17132216014897,
      84.5437616387337
    ],
    "val_loss": [
      1.3982734978199005,
      0.893279030919075,
      0.8849805891513824,
      0.8980301693081856,
      0.7627560347318649,
      1.6279021799564362,
      0.869888536632061,
      1.1971944645047188,
      1.1006140410900116,
      1.2640836387872696,
      3.5885428190231323,
      0.7268519997596741,
      1.712166428565979,
      0.9971003010869026,
      0.9081018194556236,
      0.600744865834713,
      1.0045609399676323,
      4.290504485368729,
      0.7225549817085266,
      0.6852692365646362,
      1.205140896141529,
      1.6607624143362045,
      0.665454214438796,
      1.1374494098126888,
      0.7174639701843262,
      0.5769408978521824,
      0.7145226076245308,
      0.4246565606445074,
      0.3595898300409317,
      0.5980112925171852
    ],
    "val_acc": [
      39.130434782608695,
      63.91304347826087,
      63.47826086956522,
      63.91304347826087,
      66.08695652173913,
      49.130434782608695,
      63.91304347826087,
      56.95652173913044,
      64.78260869565217,
      52.608695652173914,
      48.69565217391305,
      62.608695652173914,
      53.04347826086956,
      53.91304347826087,
      65.21739130434783,
      77.82608695652173,
      63.04347826086956,
      47.391304347826086,
      68.69565217391305,
      70.8695652173913,
      67.82608695652173,
      51.73913043478261,
      71.73913043478261,
      63.91304347826087,
      68.26086956521739,
      76.95652173913044,
      74.78260869565217,
      82.17391304347827,
      86.52173913043478,
      80.43478260869566
    ]
  }
}