{
  "model_name": "efficientnet_b0",
  "display_name": "EfficientNet-B0 (Baseline)",
  "pretrained": false,
  "best_epoch": 30,
  "best_val_acc": 79.56521739130434,
  "training_time_seconds": 1298.9079253673553,
  "test_results": {
    "accuracy": 0.7229437229437229,
    "precision": 0.7357775042494578,
    "recall": 0.7229437229437229,
    "f1_score": 0.7261632767585149,
    "confusion_matrix": [
      [
        8,
        10,
        0,
        0,
        0
      ],
      [
        16,
        77,
        2,
        0,
        0
      ],
      [
        0,
        5,
        33,
        8,
        5
      ],
      [
        0,
        0,
        1,
        24,
        3
      ],
      [
        0,
        2,
        9,
        3,
        25
      ]
    ],
    "classification_report": {
      "adenocarcinoma": {
        "precision": 0.3333333333333333,
        "recall": 0.4444444444444444,
        "f1-score": 0.380952380952381,
        "support": 18.0
      },
      "Benign cases": {
        "precision": 0.8191489361702128,
        "recall": 0.8105263157894737,
        "f1-score": 0.8148148148148148,
        "support": 95.0
      },
      "large cell carcinoma": {
        "precision": 0.7333333333333333,
        "recall": 0.6470588235294118,
        "f1-score": 0.6875,
        "support": 51.0
      },
      "Normal cases": {
        "precision": 0.6857142857142857,
        "recall": 0.8571428571428571,
        "f1-score": 0.7619047619047619,
        "support": 28.0
      },
      "squamous cell carcinoma": {
        "precision": 0.7575757575757576,
        "recall": 0.6410256410256411,
        "f1-score": 0.6944444444444444,
        "support": 39.0
      },
      "accuracy": 0.7229437229437229,
      "macro avg": {
        "precision": 0.6658211292253846,
        "recall": 0.6800396163863656,
        "f1-score": 0.6679232804232804,
        "support": 231.0
      },
      "weighted avg": {
        "precision": 0.7357775042494578,
        "recall": 0.7229437229437229,
        "f1-score": 0.7261632767585149,
        "support": 231.0
      }
    }
  },
  "training_history": {
    "train_loss": [
      1.0626556838259977,
      0.941417404833962,
      0.8900906426065108,
      0.8608144644428702,
      0.9021836098502664,
      0.8646706307635588,
      0.8766856947365929,
      0.8416073357357698,
      0.8469984566464144,
      0.8256086023414836,
      0.7946412019869861,
      0.7586682894650627,
      0.8070268368019777,
      0.7450701173614053,
      0.79965560576495,
      0.71056066365803,
      0.7451448598328758,
      0.7111800803857691,
      0.6936155960840338,
      0.662522999679341,
      0.6329759631086799,
      0.6325177383773467,
      0.6135030301178203,
      0.5882398021571776,
      0.591290674665395,
      0.5828400043880239,
      0.5201777351253173,
      0.5250958923031303,
      0.5343315829248989,
      0.46939853710286755
    ],
    "train_acc": [
      55.58659217877095,
      58.75232774674115,
      57.54189944134078,
      60.242085661080075,
      58.0074487895717,
      61.266294227188084,
      58.93854748603352,
      63.78026070763501,
      62.38361266294227,
      62.19739292364991,
      62.10428305400372,
      66.10800744878958,
      63.87337057728119,
      66.29422718808193,
      63.50093109869646,
      69.27374301675978,
      67.97020484171323,
      68.34264432029795,
      69.36685288640597,
      70.39106145251397,
      73.09124767225326,
      70.11173184357541,
      72.90502793296089,
      75.79143389199255,
      73.83612662942272,
      74.95344506517691,
      78.02607076350093,
      76.90875232774674,
      77.56052141527002,
      80.54003724394786
    ],
    "val_loss": [
      1.6361948102712631,
      0.9418545067310333,
      0.8481465056538582,
      0.8893364667892456,
      0.892006441950798,
      0.8357006385922432,
      1.2750806137919426,
      0.8087017089128494,
      0.8555809706449509,
      0.7719356417655945,
      0.8165198639035225,
      0.8204502239823341,
      0.7755514346063137,
      1.0865902975201607,
      0.80536337941885,
      0.8778717145323753,
      0.7236913442611694,
      0.7451905682682991,
      0.7592549026012421,
      0.7822354659438133,
      0.7981530800461769,
      0.6057181321084499,
      0.6124591678380966,
      0.5729907117784023,
      0.624928668141365,
      0.654518362134695,
      0.709056094288826,
      0.5093682892620564,
      0.5472942143678665,
      0.5358858816325665
    ],
    "val_acc": [
      21.73913043478261,
      61.30434782608695,
      61.73913043478261,
      60.0,
      51.73913043478261,
      63.47826086956522,
      56.52173913043478,
      65.21739130434783,
      65.65217391304348,
      66.95652173913044,
      62.17391304347826,
      57.82608695652174,
      65.65217391304348,
      65.65217391304348,
      58.69565217391305,
      59.56521739130435,
      68.26086956521739,
      69.1304347826087,
      69.1304347826087,
      66.08695652173913,
      66.95652173913044,
      76.95652173913044,
      74.78260869565217,
      74.34782608695652,
      70.43478260869566,
      68.26086956521739,
      72.6086956521739,
      78.26086956521739,
      78.26086956521739,
      79.56521739130434
    ]
  }
}