{
  "model_name": "vgg16",
  "display_name": "VGG-16 (Baseline)",
  "pretrained": false,
  "best_epoch": 30,
  "best_val_acc": 70.0,
  "training_time_seconds": 4680.02346777916,
  "test_results": {
    "accuracy": 0.7142857142857143,
    "precision": 0.6981601884354178,
    "recall": 0.7142857142857143,
    "f1_score": 0.6939018582370402,
    "confusion_matrix": [
      [
        2,
        16,
        0,
        0,
        0
      ],
      [
        3,
        91,
        1,
        0,
        0
      ],
      [
        0,
        2,
        29,
        10,
        10
      ],
      [
        0,
        0,
        1,
        15,
        12
      ],
      [
        0,
        0,
        8,
        3,
        28
      ]
    ],
    "classification_report": {
      "adenocarcinoma": {
        "precision": 0.4,
        "recall": 0.1111111111111111,
        "f1-score": 0.1739130434782609,
        "support": 18.0
      },
      "Benign cases": {
        "precision": 0.8348623853211009,
        "recall": 0.9578947368421052,
        "f1-score": 0.892156862745098,
        "support": 95.0
      },
      "large cell carcinoma": {
        "precision": 0.7435897435897436,
        "recall": 0.5686274509803921,
        "f1-score": 0.6444444444444445,
        "support": 51.0
      },
      "Normal cases": {
        "precision": 0.5357142857142857,
        "recall": 0.5357142857142857,
        "f1-score": 0.5357142857142857,
        "support": 28.0
      },
      "squamous cell carcinoma": {
        "precision": 0.56,
        "recall": 0.717948717948718,
        "f1-score": 0.6292134831460674,
        "support": 39.0
      },
      "accuracy": 0.7142857142857143,
      "macro avg": {
        "precision": 0.614833282925026,
        "recall": 0.5782592605193224,
        "f1-score": 0.5750884239056313,
        "support": 231.0
      },
      "weighted avg": {
        "precision": 0.6981601884354178,
        "recall": 0.7142857142857143,
        "f1-score": 0.6939018582370402,
        "support": 231.0
      }
    }
  },
  "training_history": {
    "train_loss": [
      2.8938691580996796,
      1.0867800975547117,
      0.9320023357868195,
      0.906326900510227,
      0.9033777170321521,
      0.8532933277242324,
      0.820787308847203,
      0.8432612208759084,
      0.8047436493284562,
      0.8308303426293766,
      0.8448348851764903,
      0.7941800794180702,
      0.8114470296046313,
      0.7856613625498379,
      0.8132696432225844,
      0.7736150850267971,
      0.8073954722460579,
      0.7858602667556089,
      0.7740168711718391,
      0.7655128889224109,
      0.7732412464478436,
      0.7320966299842385,
      0.7310376132235807,
      0.7605954119387794,
      0.738940459840438,
      0.7354423070655149,
      0.6991794337244595,
      0.672200933098793,
      0.7040877692839679,
      0.6350621318115908
    ],
    "train_acc": [
      34.171322160148975,
      58.28677839851024,
      58.75232774674115,
      59.40409683426443,
      57.82122905027933,
      58.75232774674115,
      62.01117318435754,
      60.242085661080075,
      62.10428305400372,
      58.37988826815643,
      59.12476722532588,
      60.242085661080075,
      60.42830540037244,
      60.14897579143389,
      60.242085661080075,
      63.3147113594041,
      62.849162011173185,
      64.15270018621973,
      62.756052141527,
      65.17690875232775,
      63.12849162011173,
      65.17690875232775,
      65.17690875232775,
      64.24581005586592,
      65.64245810055866,
      66.20111731843575,
      68.15642458100558,
      70.01862197392924,
      68.43575418994413,
      72.90502793296089
    ],
    "val_loss": [
      1.2392558008432388,
      0.8623728826642036,
      0.8903630375862122,
      0.872718021273613,
      1.0164990723133087,
      0.8504874184727669,
      1.0815862715244293,
      0.8283018246293068,
      0.8027139455080032,
      0.8084155023097992,
      0.7972783744335175,
      0.7938325181603432,
      0.7966634705662727,
      0.8170598223805428,
      0.7699898108839989,
      0.7903669625520706,
      0.7650352120399475,
      0.7634129822254181,
      0.8717295080423355,
      0.7807251289486885,
      0.7187414392828941,
      0.7603239715099335,
      0.8436821475625038,
      0.7339140921831131,
      0.7647654563188553,
      0.754575602710247,
      0.7288982793688774,
      0.788007378578186,
      0.6930185481905937,
      0.6567391455173492
    ],
    "val_acc": [
      59.56521739130435,
      61.30434782608695,
      61.73913043478261,
      61.30434782608695,
      57.82608695652174,
      61.73913043478261,
      56.08695652173913,
      61.73913043478261,
      62.608695652173914,
      60.0,
      61.73913043478261,
      63.47826086956522,
      64.78260869565217,
      60.869565217391305,
      66.52173913043478,
      60.869565217391305,
      60.869565217391305,
      62.17391304347826,
      62.608695652173914,
      64.34782608695652,
      66.08695652173913,
      63.04347826086956,
      54.78260869565217,
      68.69565217391305,
      67.3913043478261,
      69.1304347826087,
      66.95652173913044,
      65.65217391304348,
      66.95652173913044,
      70.0
    ]
  }
}