{
  "accuracy": 65.80086580086581,
  "precision_weighted": 71.62376466023667,
  "recall_weighted": 65.80086580086581,
  "f1_weighted": 61.84217034988625,
  "auc_roc": 0.9231886777625969,
  "precision_macro": 67.23095013582991,
  "recall_macro": 52.20064490033531,
  "f1_macro": 51.1317825500061,
  "confusion_matrix": [
    [
      46,
      0,
      1,
      3,
      1
    ],
    [
      0,
      7,
      0,
      11,
      0
    ],
    [
      19,
      0,
      8,
      0,
      1
    ],
    [
      0,
      9,
      0,
      86,
      0
    ],
    [
      33,
      0,
      0,
      1,
      5
    ]
  ],
  "class_names": [
    "adenocarcinoma",
    "Benign cases",
    "large cell carcinoma",
    "Normal cases",
    "squamous cell carcinoma"
  ]
}