{
  "train_loss": [
    1.1496840908246881,
    0.7639042086461011,
    0.5135737295974704,
    0.37097588619765115,
    0.2521100701654659,
    0.17626859631170244,
    0.18810816139311476,
    0.12755972875610871,
    0.11190997536622864,
    0.12843883760711727,
    0.07974826325388516,
    0.058835701277369964,
    0.06434927417841904,
    0.049704972291639185,
    0.04021641416201258,
    0.030242409608463812,
    0.03577597565633957,
    0.057676208054865986,
    0.02802437564412899,
    0.03779445331276614,
    0.05593910940532463,
    0.036792526161982954,
    0.023413065553861943,
    0.017394184658769518,
    0.015481886162888259,
    0.00983458837864044,
    0.01537699427760398,
    0.028493029022630414,
    0.014528858816073112
  ],
  "train_acc": [
    53.63128491620112,
    70.39106145251397,
    81.75046554934823,
    86.96461824953445,
    91.06145251396649,
    94.50651769087523,
    93.57541899441341,
    95.99627560521415,
    96.8342644320298,
    96.08938547486034,
    97.67225325884544,
    98.32402234636872,
    98.88268156424581,
    99.06890130353817,
    99.34823091247672,
    99.16201117318435,
    98.975791433892,
    99.34823091247672,
    99.53445065176909,
    98.975791433892,
    98.13780260707635,
    98.975791433892,
    99.44134078212291,
    99.72067039106145,
    99.62756052141528,
    99.90689013035382,
    99.72067039106145,
    99.25512104283054,
    99.81378026070763
  ],
  "val_loss": [
    0.803710385163625,
    0.5942099273204804,
    0.4296316842238108,
    0.3076862672964732,
    0.20523861646652222,
    0.3282057230671247,
    0.14176623970270158,
    0.20156225971877575,
    0.15728081033254662,
    0.22374038708706698,
    0.10141804665327073,
    0.07400113049273689,
    0.0721026062965393,
    0.08595909276045859,
    0.09110364369116723,
    0.07928684089953701,
    0.06388961285507927,
    0.05825053470519682,
    0.06332220473171522,
    0.18743292085904006,
    0.06641991587045291,
    0.06751574709778652,
    0.06099215530169507,
    0.05311919510519753,
    0.0491468554828316,
    0.04843031499379625,
    0.05122346634743735,
    0.06574322396578888,
    0.062273008228900535
  ],
  "val_acc": [
    67.3913043478261,
    77.3913043478261,
    81.73913043478261,
    89.56521739130434,
    92.17391304347827,
    85.65217391304348,
    94.78260869565217,
    91.30434782608695,
    94.34782608695652,
    90.8695652173913,
    96.52173913043478,
    97.3913043478261,
    96.95652173913044,
    97.3913043478261,
    96.08695652173913,
    97.3913043478261,
    98.26086956521739,
    98.26086956521739,
    98.69565217391305,
    96.08695652173913,
    98.26086956521739,
    98.26086956521739,
    97.82608695652173,
    98.26086956521739,
    97.82608695652173,
    98.69565217391305,
    98.69565217391305,
    97.82608695652173,
    98.69565217391305
  ]
}