{
  "model_name": "resnet50",
  "train_loss": [
    1.2936081518145168,
    0.7805575859897277,
    0.5622045651954763,
    0.3552912999601925,
    0.21856080872171066,
    0.1586329505285796,
    0.13051627631134846,
    0.12883475094157107,
    0.0828737871557036,
    0.08036660134573193,
    0.06678644512944362,
    0.040924802162301016,
    0.024233139106346405,
    0.029454063350225195,
    0.04380799106815282,
    0.029791408355402595,
    0.03322490971699795,
    0.03217334491337704,
    0.027738144936259177,
    0.014545640767798485,
    0.019871443215593258,
    0.011386246338267536,
    0.019523006655029294,
    0.014244414530420565,
    0.014366731941289105,
    0.009764777944998486,
    0.009376645875711213,
    0.010560168901814477,
    0.006854233075179817,
    0.010136129528023851,
    0.009486243438646746,
    0.009857778356972095,
    0.01268283897490405,
    0.011003335554371862,
    0.01903870183399276,
    0.004459811593679821,
    0.007649232549524373,
    0.0061674136582844175,
    0.007423189769992057,
    0.010198994868380181,
    0.0066740205374491565,
    0.007771008526427014,
    0.005154264650841737,
    0.007112572540577008,
    0.005887374913607559,
    0.013056737294605495,
    0.008424150394549704,
    0.008260379889500602,
    0.007176177685751635,
    0.005124251928303719
  ],
  "train_acc": [
    54.46927374301676,
    68.90130353817504,
    76.35009310986965,
    87.43016759776536,
    92.64432029795158,
    95.34450651769087,
    96.2756052141527,
    95.53072625698324,
    97.76536312849161,
    97.2998137802607,
    97.67225325884544,
    98.88268156424581,
    99.53445065176909,
    99.16201117318435,
    98.51024208566108,
    99.25512104283054,
    98.88268156424581,
    99.16201117318435,
    99.16201117318435,
    99.62756052141528,
    99.34823091247672,
    99.90689013035382,
    99.44134078212291,
    99.44134078212291,
    99.72067039106145,
    99.53445065176909,
    99.90689013035382,
    99.72067039106145,
    99.81378026070763,
    99.72067039106145,
    99.72067039106145,
    99.72067039106145,
    99.72067039106145,
    99.53445065176909,
    99.53445065176909,
    100.0,
    99.72067039106145,
    99.81378026070763,
    99.72067039106145,
    99.81378026070763,
    99.81378026070763,
    99.90689013035382,
    99.90689013035382,
    99.81378026070763,
    99.72067039106145,
    99.53445065176909,
    99.62756052141528,
    99.81378026070763,
    99.90689013035382,
    99.81378026070763
  ],
  "val_loss": [
    1.1541121527552605,
    0.7041416615247726,
    0.49011173471808434,
    0.41939321905374527,
    0.5394962206482887,
    0.3206532262265682,
    0.24694332759827375,
    0.26260805781930685,
    0.16233771480619907,
    0.17982363421469927,
    0.1043791095726192,
    0.10543322080047801,
    0.09211027290439233,
    0.09496893675532192,
    0.11182585958158597,
    0.12258947477675974,
    0.10955587937496603,
    0.11627152492292225,
    0.10764943508547731,
    0.1027427549706772,
    0.09132009508903138,
    0.11102019820827991,
    0.1011256493802648,
    0.10273750938358717,
    0.1128690060286317,
    0.10517251903365832,
    0.11736445012502372,
    0.11001511535141617,
    0.10671108799579088,
    0.09266708463837858,
    0.10739666951121762,
    0.10511657453025691,
    0.09022199048195034,
    0.09908151150739286,
    0.09801366718602367,
    0.09422056135372259,
    0.10967925447039306,
    0.09463907156896312,
    0.08767468288715463,
    0.10183065199817065,
    0.1040891143711633,
    0.10764485533582047,
    0.09882772476703394,
    0.09610007637820672,
    0.09303309940150939,
    0.09078664186381502,
    0.09301406019949354,
    0.09508910501608625,
    0.09051368135988014,
    0.09128258061537053
  ],
  "val_acc": [
    49.130434782608695,
    70.8695652173913,
    79.1304347826087,
    83.47826086956522,
    76.08695652173913,
    86.52173913043478,
    90.0,
    90.8695652173913,
    94.34782608695652,
    92.17391304347827,
    96.08695652173913,
    96.52173913043478,
    97.3913043478261,
    96.52173913043478,
    96.08695652173913,
    96.08695652173913,
    96.95652173913044,
    96.52173913043478,
    96.52173913043478,
    96.95652173913044,
    96.95652173913044,
    97.3913043478261,
    97.3913043478261,
    97.82608695652173,
    97.3913043478261,
    97.82608695652173,
    96.95652173913044,
    96.95652173913044,
    96.95652173913044,
    97.3913043478261,
    97.3913043478261,
    97.3913043478261,
    97.82608695652173,
    97.3913043478261,
    96.95652173913044,
    96.95652173913044,
    96.95652173913044,
    97.82608695652173,
    97.3913043478261,
    96.95652173913044,
    96.95652173913044,
    96.95652173913044,
    96.95652173913044,
    97.3913043478261,
    97.82608695652173,
    97.82608695652173,
    97.3913043478261,
    97.3913043478261,
    97.82608695652173,
    97.3913043478261
  ],
  "best_val_acc": 97.82608695652173,
  "total_time": 2542.101798772812
}